{
  "type": "FeatureCollection",
  "generator": "overpass-turbo",
  "copyright": "The data included in this document is from www.openstreetmap.org. The data is made available under ODbL.",
  "timestamp": "2025-11-13T17:07:19Z",
  "features": [
    {
      "type": "Feature",
      "properties": {
        "@id": "relation/11687660",
        "admin_level": "7",
        "boundary": "administrative",
        "name": "Sukorame",
        "type": "boundary"
      },
      "geometry": {
        "type": "Polygon",
        "coordinates": [
          [
            [
              112.1224127,
              -7.3348988
            ],
            [
              112.1225834,
              -7.3345841
            ],
            [
              112.1230756,
              -7.3336557
            ],
            [
              112.1233857,
              -7.3331392
            ],
            [
              112.1234687,
              -7.332962
            ],
            [
              112.1226412,
              -7.3328175
            ],
            [
              112.1221,
              -7.3327469
            ],
            [
              112.1202367,
              -7.3325079
            ],
            [
              112.1179676,
              -7.3322472
            ],
            [
              112.1168625,
              -7.3321195
            ],
            [
              112.1160203,
              -7.3319918
            ],
            [
              112.1148616,
              -7.3318667
            ],
            [
              112.1145934,
              -7.3328298
            ],
            [
              112.1141723,
              -7.3339018
            ],
            [
              112.1138263,
              -7.334809
            ],
            [
              112.1133086,
              -7.3358385
            ],
            [
              112.1131879,
              -7.3359662
            ],
            [
              112.1124798,
              -7.3359077
            ],
            [
              112.1124248,
              -7.3360128
            ],
            [
              112.1120238,
              -7.3359835
            ],
            [
              112.1118441,
              -7.3365621
            ],
            [
              112.1116939,
              -7.3365288
            ],
            [
              112.1112004,
              -7.3362615
            ],
            [
              112.1111568,
              -7.3363466
            ],
            [
              112.1110368,
              -7.3363194
            ],
            [
              112.1108115,
              -7.3362482
            ],
            [
              112.1101463,
              -7.3360806
            ],
            [
              112.1097171,
              -7.33607
            ],
            [
              112.1095455,
              -7.3360301
            ],
            [
              112.1094435,
              -7.3358891
            ],
            [
              112.1093336,
              -7.3359795
            ],
            [
              112.1091539,
              -7.3360301
            ],
            [
              112.1088722,
              -7.3360407
            ],
            [
              112.1087703,
              -7.3358598
            ],
            [
              112.1080166,
              -7.3356204
            ],
            [
              112.1065173,
              -7.3351894
            ],
            [
              112.1057314,
              -7.335216
            ],
            [
              112.1042374,
              -7.3353224
            ],
            [
              112.1038082,
              -7.335341
            ],
            [
              112.1022472,
              -7.3354501
            ],
            [
              112.1015123,
              -7.3353623
            ],
            [
              112.1001148,
              -7.3351628
            ],
            [
              112.0990875,
              -7.3350032
            ],
            [
              112.0984921,
              -7.3356789
            ],
            [
              112.0985296,
              -7.3360221
            ],
            [
              112.0986262,
              -7.3366259
            ],
            [
              112.098586,
              -7.3368441
            ],
            [
              112.0985618,
              -7.3370463
            ],
            [
              112.0984465,
              -7.3370569
            ],
            [
              112.0984733,
              -7.3374799
            ],
            [
              112.0982265,
              -7.3375836
            ],
            [
              112.0982748,
              -7.3387595
            ],
            [
              112.0980844,
              -7.3387834
            ],
            [
              112.0978537,
              -7.3387275
            ],
            [
              112.0977062,
              -7.3386451
            ],
            [
              112.0973656,
              -7.3386876
            ],
            [
              112.0971242,
              -7.3387009
            ],
            [
              112.0968345,
              -7.3387648
            ],
            [
              112.0964375,
              -7.338826
            ],
            [
              112.0962712,
              -7.3388153
            ],
            [
              112.0960647,
              -7.3388898
            ],
            [
              112.0959949,
              -7.3390335
            ],
            [
              112.0958729,
              -7.3391903
            ],
            [
              112.0965523,
              -7.3393201
            ],
            [
              112.0967647,
              -7.3393567
            ],
            [
              112.0970384,
              -7.3393899
            ],
            [
              112.097269,
              -7.3394338
            ],
            [
              112.0975537,
              -7.3394923
            ],
            [
              112.0978027,
              -7.3395562
            ],
            [
              112.0981412,
              -7.3396471
            ],
            [
              112.0982627,
              -7.3396945
            ],
            [
              112.0984063,
              -7.3397624
            ],
            [
              112.0985726,
              -7.3398582
            ],
            [
              112.0987156,
              -7.3399536
            ],
            [
              112.0989708,
              -7.3401228
            ],
            [
              112.0993813,
              -7.3403962
            ],
            [
              112.1001629,
              -7.3409139
            ],
            [
              112.0990651,
              -7.341574
            ],
            [
              112.0983124,
              -7.3420049
            ],
            [
              112.0969136,
              -7.3429194
            ],
            [
              112.0958857,
              -7.3435914
            ],
            [
              112.0962954,
              -7.3441411
            ],
            [
              112.0966145,
              -7.3445109
            ],
            [
              112.0968881,
              -7.3446997
            ],
            [
              112.0973897,
              -7.3451014
            ],
            [
              112.0984519,
              -7.3459607
            ],
            [
              112.0987482,
              -7.3461748
            ],
            [
              112.0985377,
              -7.3462692
            ],
            [
              112.0984519,
              -7.346373
            ],
            [
              112.0981514,
              -7.3461868
            ],
            [
              112.0980334,
              -7.3463358
            ],
            [
              112.0978403,
              -7.3466656
            ],
            [
              112.0974702,
              -7.3467055
            ],
            [
              112.0967272,
              -7.3466683
            ],
            [
              112.0958984,
              -7.3466177
            ],
            [
              112.0956811,
              -7.3466177
            ],
            [
              112.0951393,
              -7.3465592
            ],
            [
              112.0948228,
              -7.3465911
            ],
            [
              112.0942998,
              -7.3467906
            ],
            [
              112.0938599,
              -7.3470035
            ],
            [
              112.0933449,
              -7.3472056
            ],
            [
              112.0930955,
              -7.3472721
            ],
            [
              112.0929989,
              -7.3472828
            ],
            [
              112.0927468,
              -7.3474105
            ],
            [
              112.0927736,
              -7.3476525
            ],
            [
              112.0933409,
              -7.3477164
            ],
            [
              112.093235,
              -7.3482644
            ],
            [
              112.0936426,
              -7.3483282
            ],
            [
              112.093817,
              -7.3485251
            ],
            [
              112.0940584,
              -7.3484719
            ],
            [
              112.0943159,
              -7.3484054
            ],
            [
              112.0944983,
              -7.3484267
            ],
            [
              112.0945734,
              -7.3489215
            ],
            [
              112.0954344,
              -7.3488709
            ],
            [
              112.0953646,
              -7.3493045
            ],
            [
              112.0958608,
              -7.3494162
            ],
            [
              112.09618,
              -7.3494641
            ],
            [
              112.0963141,
              -7.3492154
            ],
            [
              112.0967768,
              -7.349379
            ],
            [
              112.0970517,
              -7.3494189
            ],
            [
              112.0971054,
              -7.349528
            ],
            [
              112.0971644,
              -7.3496038
            ],
            [
              112.0973709,
              -7.3496503
            ],
            [
              112.0973133,
              -7.3497833
            ],
            [
              112.0975855,
              -7.3498751
            ],
            [
              112.0977572,
              -7.3498006
            ],
            [
              112.0978296,
              -7.3498525
            ],
            [
              112.0977572,
              -7.3499922
            ],
            [
              112.0979221,
              -7.3503992
            ],
            [
              112.0985149,
              -7.3505428
            ],
            [
              112.098771,
              -7.3505508
            ],
            [
              112.0988756,
              -7.3504338
            ],
            [
              112.0992418,
              -7.3505029
            ],
            [
              112.0992458,
              -7.3507556
            ],
            [
              112.0994818,
              -7.3508155
            ],
            [
              112.0996521,
              -7.3507317
            ],
            [
              112.0997983,
              -7.350761
            ],
            [
              112.0998278,
              -7.35089
            ],
            [
              112.0999606,
              -7.3509286
            ],
            [
              112.1005869,
              -7.3509618
            ],
            [
              112.1006057,
              -7.3510496
            ],
            [
              112.1009825,
              -7.3511188
            ],
            [
              112.1010831,
              -7.3511094
            ],
            [
              112.1013191,
              -7.351152
            ],
            [
              112.1017563,
              -7.3513342
            ],
            [
              112.1016531,
              -7.3516229
            ],
            [
              112.1018046,
              -7.3516654
            ],
            [
              112.1018931,
              -7.3517732
            ],
            [
              112.1023022,
              -7.3518117
            ],
            [
              112.1027139,
              -7.3519115
            ],
            [
              112.1027005,
              -7.3520126
            ],
            [
              112.1029231,
              -7.3521323
            ],
            [
              112.103076,
              -7.3518702
            ],
            [
              112.1033227,
              -7.351986
            ],
            [
              112.1036875,
              -7.3517998
            ],
            [
              112.1047363,
              -7.3509671
            ],
            [
              112.1050501,
              -7.3511613
            ],
            [
              112.1052217,
              -7.3511932
            ],
            [
              112.1064234,
              -7.3498419
            ],
            [
              112.1075284,
              -7.350193
            ],
            [
              112.1070135,
              -7.3520551
            ],
            [
              112.1077913,
              -7.3527946
            ],
            [
              112.108199,
              -7.3534863
            ],
            [
              112.1081507,
              -7.3541513
            ],
            [
              112.1086067,
              -7.3542631
            ],
            [
              112.1088213,
              -7.3546621
            ],
            [
              112.109009,
              -7.3546514
            ],
            [
              112.1093577,
              -7.3544705
            ],
            [
              112.1096045,
              -7.3545371
            ],
            [
              112.1094999,
              -7.3549121
            ],
            [
              112.1094248,
              -7.355218
            ],
            [
              112.1093792,
              -7.3554309
            ],
            [
              112.1093497,
              -7.3556371
            ],
            [
              112.1093121,
              -7.3558777
            ],
            [
              112.1092826,
              -7.35604
            ],
            [
              112.109237,
              -7.3564071
            ],
            [
              112.1091887,
              -7.3568753
            ],
            [
              112.1091485,
              -7.357253
            ],
            [
              112.1090975,
              -7.3575244
            ],
            [
              112.1090037,
              -7.3580644
            ],
            [
              112.1089286,
              -7.3586363
            ],
            [
              112.1089017,
              -7.3588252
            ],
            [
              112.1088695,
              -7.3590194
            ],
            [
              112.1088079,
              -7.359296
            ],
            [
              112.1087515,
              -7.3595301
            ],
            [
              112.1086845,
              -7.359828
            ],
            [
              112.1088937,
              -7.3598812
            ],
            [
              112.1091378,
              -7.3599371
            ],
            [
              112.1094355,
              -7.3600089
            ],
            [
              112.1097252,
              -7.3600808
            ],
            [
              112.1100255,
              -7.3601579
            ],
            [
              112.1107149,
              -7.3603601
            ],
            [
              112.1110716,
              -7.3604744
            ],
            [
              112.1115344,
              -7.3606195
            ],
            [
              112.1122076,
              -7.3608668
            ],
            [
              112.1128318,
              -7.3611156
            ],
            [
              112.1131986,
              -7.3612485
            ],
            [
              112.1134839,
              -7.3613462
            ],
            [
              112.1137416,
              -7.3614354
            ],
            [
              112.1139738,
              -7.3615239
            ],
            [
              112.114179,
              -7.3615983
            ],
            [
              112.1140878,
              -7.3618816
            ],
            [
              112.1138316,
              -7.362137
            ],
            [
              112.113782,
              -7.3622368
            ],
            [
              112.1140931,
              -7.3623738
            ],
            [
              112.1141106,
              -7.3626637
            ],
            [
              112.1140355,
              -7.3628526
            ],
            [
              112.1139201,
              -7.3630175
            ],
            [
              112.1141052,
              -7.3631691
            ],
            [
              112.1144566,
              -7.3633101
            ],
            [
              112.1144271,
              -7.3633846
            ],
            [
              112.1145961,
              -7.3634564
            ],
            [
              112.1146712,
              -7.3635149
            ],
            [
              112.1145934,
              -7.3635868
            ],
            [
              112.11447,
              -7.3635921
            ],
            [
              112.1144646,
              -7.3636559
            ],
            [
              112.1144405,
              -7.3641081
            ],
            [
              112.1145907,
              -7.3641374
            ],
            [
              112.114588,
              -7.3642199
            ],
            [
              112.1145022,
              -7.364289
            ],
            [
              112.1143842,
              -7.3644539
            ],
            [
              112.1143225,
              -7.3646348
            ],
            [
              112.1146068,
              -7.3648024
            ],
            [
              112.1145558,
              -7.3650711
            ],
            [
              112.114808,
              -7.3651562
            ],
            [
              112.1146899,
              -7.3658718
            ],
            [
              112.1150735,
              -7.3659569
            ],
            [
              112.1150359,
              -7.3660899
            ],
            [
              112.1149421,
              -7.3661724
            ],
            [
              112.1148375,
              -7.3661803
            ],
            [
              112.1146685,
              -7.3663878
            ],
            [
              112.1143091,
              -7.366332
            ],
            [
              112.1142822,
              -7.3665235
            ],
            [
              112.1142232,
              -7.3666698
            ],
            [
              112.114234,
              -7.3668267
            ],
            [
              112.1141213,
              -7.3669065
            ],
            [
              112.1140462,
              -7.3671034
            ],
            [
              112.1139201,
              -7.3672497
            ],
            [
              112.1136439,
              -7.3673774
            ],
            [
              112.1134642,
              -7.3673827
            ],
            [
              112.1132308,
              -7.3673561
            ],
            [
              112.113153,
              -7.3673667
            ],
            [
              112.1131343,
              -7.3675157
            ],
            [
              112.1129626,
              -7.3676221
            ],
            [
              112.112858,
              -7.3676966
            ],
            [
              112.1125737,
              -7.3677764
            ],
            [
              112.112394,
              -7.3679732
            ],
            [
              112.1122518,
              -7.368186
            ],
            [
              112.112174,
              -7.3683776
            ],
            [
              112.112292,
              -7.3686781
            ],
            [
              112.1122813,
              -7.3688324
            ],
            [
              112.1121982,
              -7.3687686
            ],
            [
              112.1120506,
              -7.3688165
            ],
            [
              112.1118656,
              -7.3687606
            ],
            [
              112.1117315,
              -7.3687393
            ],
            [
              112.1116537,
              -7.3688431
            ],
            [
              112.1116537,
              -7.3689973
            ],
            [
              112.1113399,
              -7.3691756
            ],
            [
              112.1110341,
              -7.3693112
            ],
            [
              112.1109429,
              -7.3696384
            ],
            [
              112.1108115,
              -7.3700374
            ],
            [
              112.1105647,
              -7.3703433
            ],
            [
              112.1104494,
              -7.3704152
            ],
            [
              112.1107632,
              -7.3706652
            ],
            [
              112.1125254,
              -7.372881
            ],
            [
              112.1134253,
              -7.3730273
            ],
            [
              112.1134628,
              -7.3728651
            ],
            [
              112.11355,
              -7.3727001
            ],
            [
              112.1138424,
              -7.3725086
            ],
            [
              112.1140113,
              -7.3723357
            ],
            [
              112.1141401,
              -7.3722293
            ],
            [
              112.1142554,
              -7.3721788
            ],
            [
              112.1145102,
              -7.3721096
            ],
            [
              112.1145719,
              -7.3722187
            ],
            [
              112.1146658,
              -7.3721575
            ],
            [
              112.1148106,
              -7.3719207
            ],
            [
              112.114765,
              -7.3718702
            ],
            [
              112.114759,
              -7.3717725
            ],
            [
              112.1148536,
              -7.3717611
            ],
            [
              112.114938,
              -7.3717738
            ],
            [
              112.1149991,
              -7.3717519
            ],
            [
              112.1149743,
              -7.3715377
            ],
            [
              112.1150574,
              -7.3714526
            ],
            [
              112.1152022,
              -7.3714978
            ],
            [
              112.1152988,
              -7.3713382
            ],
            [
              112.1154034,
              -7.371144
            ],
            [
              112.1155456,
              -7.3708966
            ],
            [
              112.1156797,
              -7.370761
            ],
            [
              112.115795,
              -7.370886
            ],
            [
              112.1159063,
              -7.3709445
            ],
            [
              112.1159881,
              -7.37087
            ],
            [
              112.1160297,
              -7.3707769
            ],
            [
              112.1160834,
              -7.3706798
            ],
            [
              112.1160766,
              -7.3705242
            ],
            [
              112.1159667,
              -7.3703247
            ],
            [
              112.1158245,
              -7.3700959
            ],
            [
              112.1157655,
              -7.3698752
            ],
            [
              112.1157172,
              -7.3697102
            ],
            [
              112.1158782,
              -7.369548
            ],
            [
              112.115964,
              -7.3694841
            ],
            [
              112.1160284,
              -7.3692953
            ],
            [
              112.1158192,
              -7.3690745
            ],
            [
              112.1159238,
              -7.3689574
            ],
            [
              112.1161705,
              -7.3688564
            ],
            [
              112.1163958,
              -7.3686728
            ],
            [
              112.1164468,
              -7.3684547
            ],
            [
              112.1165031,
              -7.3682632
            ],
            [
              112.1166667,
              -7.368343
            ],
            [
              112.1167311,
              -7.3686356
            ],
            [
              112.1169323,
              -7.3687686
            ],
            [
              112.1171093,
              -7.3686462
            ],
            [
              112.1173185,
              -7.368468
            ],
            [
              112.1174312,
              -7.3685531
            ],
            [
              112.1176887,
              -7.3686063
            ],
            [
              112.1179515,
              -7.3691011
            ],
            [
              112.1182144,
              -7.3690319
            ],
            [
              112.1184128,
              -7.3688032
            ],
            [
              112.1185362,
              -7.3684095
            ],
            [
              112.118547,
              -7.3680743
            ],
            [
              112.1186918,
              -7.3680371
            ],
            [
              112.1189225,
              -7.367936
            ],
            [
              112.119078,
              -7.3676647
            ],
            [
              112.1190619,
              -7.3670688
            ],
            [
              112.1188903,
              -7.3670422
            ],
            [
              112.1189117,
              -7.3667283
            ],
            [
              112.1190619,
              -7.3665793
            ],
            [
              112.1191692,
              -7.366723
            ],
            [
              112.1194428,
              -7.3666698
            ],
            [
              112.1196788,
              -7.3663399
            ],
            [
              112.1200329,
              -7.3662548
            ],
            [
              112.1206605,
              -7.3664251
            ],
            [
              112.1209663,
              -7.3663399
            ],
            [
              112.1209341,
              -7.3661325
            ],
            [
              112.121138,
              -7.3659941
            ],
            [
              112.1215349,
              -7.3658771
            ],
            [
              112.12183,
              -7.3660367
            ],
            [
              112.1217978,
              -7.3663772
            ],
            [
              112.1218783,
              -7.3667549
            ],
            [
              112.122286,
              -7.3668613
            ],
            [
              112.1225434,
              -7.3669677
            ],
            [
              112.122522,
              -7.3673774
            ],
            [
              112.1224952,
              -7.3683988
            ],
            [
              112.1228385,
              -7.3687127
            ],
            [
              112.123332,
              -7.3688404
            ],
            [
              112.1238148,
              -7.3688244
            ],
            [
              112.1239972,
              -7.3686968
            ],
            [
              112.1243566,
              -7.369117
            ],
            [
              112.1251988,
              -7.3693937
            ],
            [
              112.125687,
              -7.3694841
            ],
            [
              112.125974,
              -7.3695613
            ],
            [
              112.1260464,
              -7.3694682
            ],
            [
              112.1261537,
              -7.3693033
            ],
            [
              112.12632,
              -7.3690771
            ],
            [
              112.1264192,
              -7.368883
            ],
            [
              112.1264139,
              -7.3687606
            ],
            [
              112.1264568,
              -7.3685584
            ],
            [
              112.1265051,
              -7.3683935
            ],
            [
              112.1265641,
              -7.3682845
            ],
            [
              112.1265748,
              -7.3681594
            ],
            [
              112.1266204,
              -7.3680291
            ],
            [
              112.1267223,
              -7.3679067
            ],
            [
              112.1267948,
              -7.367815
            ],
            [
              112.1269248,
              -7.3676673
            ],
            [
              112.1266378,
              -7.3673987
            ],
            [
              112.1265319,
              -7.3673162
            ],
            [
              112.126489,
              -7.3672098
            ],
            [
              112.1265158,
              -7.367138
            ],
            [
              112.1265668,
              -7.3671167
            ],
            [
              112.1265882,
              -7.3670449
            ],
            [
              112.1265265,
              -7.3670262
            ],
            [
              112.1264407,
              -7.3668294
            ],
            [
              112.1263441,
              -7.3668693
            ],
            [
              112.1262932,
              -7.36684
            ],
            [
              112.1263495,
              -7.3667203
            ],
            [
              112.1264514,
              -7.3665102
            ],
            [
              112.1264648,
              -7.3662708
            ],
            [
              112.126489,
              -7.3660739
            ],
            [
              112.1264246,
              -7.3659143
            ],
            [
              112.1264246,
              -7.3657893
            ],
            [
              112.1265292,
              -7.3655818
            ],
            [
              112.1266499,
              -7.3654914
            ],
            [
              112.1268028,
              -7.3653132
            ],
            [
              112.1268484,
              -7.3652307
            ],
            [
              112.1269208,
              -7.3651482
            ],
            [
              112.1269932,
              -7.3650019
            ],
            [
              112.1270415,
              -7.364829
            ],
            [
              112.1270737,
              -7.3647732
            ],
            [
              112.1271247,
              -7.364571
            ],
            [
              112.1270925,
              -7.3642731
            ],
            [
              112.1276209,
              -7.3642864
            ],
            [
              112.1280313,
              -7.3642943
            ],
            [
              112.1285167,
              -7.3643396
            ],
            [
              112.1290468,
              -7.3644165
            ],
            [
              112.1291283,
              -7.3639539
            ],
            [
              112.12918,
              -7.3636448
            ],
            [
              112.1292141,
              -7.3632782
            ],
            [
              112.1292518,
              -7.3629043
            ],
            [
              112.1292785,
              -7.3627568
            ],
            [
              112.1293187,
              -7.3625147
            ],
            [
              112.1293616,
              -7.3622408
            ],
            [
              112.1294019,
              -7.3618949
            ],
            [
              112.1294367,
              -7.3616422
            ],
            [
              112.129477,
              -7.3613283
            ],
            [
              112.129544,
              -7.3609373
            ],
            [
              112.1295735,
              -7.3607724
            ],
            [
              112.1296137,
              -7.3605702
            ],
            [
              112.1296915,
              -7.3603627
            ],
            [
              112.1297398,
              -7.3602244
            ],
            [
              112.1297633,
              -7.3601419
            ],
            [
              112.1297774,
              -7.3600701
            ],
            [
              112.1297988,
              -7.3598866
            ],
            [
              112.1298029,
              -7.3597962
            ],
            [
              112.1297921,
              -7.3596871
            ],
            [
              112.1290612,
              -7.3595221
            ],
            [
              112.1284309,
              -7.3594556
            ],
            [
              112.1280152,
              -7.35932
            ],
            [
              112.1275967,
              -7.3590247
            ],
            [
              112.1269503,
              -7.3586815
            ],
            [
              112.1266606,
              -7.3583996
            ],
            [
              112.1267652,
              -7.357942
            ],
            [
              112.1265802,
              -7.3575483
            ],
            [
              112.1265614,
              -7.3572557
            ],
            [
              112.1261671,
              -7.3572504
            ],
            [
              112.1258318,
              -7.3571626
            ],
            [
              112.1258882,
              -7.3565481
            ],
            [
              112.1254215,
              -7.3564949
            ],
            [
              112.1254885,
              -7.3561331
            ],
            [
              112.1253785,
              -7.3560081
            ],
            [
              112.1247697,
              -7.3559044
            ],
            [
              112.124818,
              -7.3556171
            ],
            [
              112.1243754,
              -7.3554362
            ],
            [
              112.1244934,
              -7.3542976
            ],
            [
              112.1240723,
              -7.3541513
            ],
            [
              112.1241045,
              -7.3537629
            ],
            [
              112.1238095,
              -7.3536858
            ],
            [
              112.1238255,
              -7.3533905
            ],
            [
              112.1235546,
              -7.353207
            ],
            [
              112.1238497,
              -7.3527867
            ],
            [
              112.1239436,
              -7.3527681
            ],
            [
              112.1240455,
              -7.3522653
            ],
            [
              112.1241581,
              -7.3522959
            ],
            [
              112.1241836,
              -7.3519634
            ],
            [
              112.1241353,
              -7.3519527
            ],
            [
              112.1241823,
              -7.3516335
            ],
            [
              112.1240978,
              -7.3516202
            ],
            [
              112.1242346,
              -7.35087
            ],
            [
              112.1241434,
              -7.3508102
            ],
            [
              112.124244,
              -7.3503047
            ],
            [
              112.1242882,
              -7.3498578
            ],
            [
              112.1238457,
              -7.3498632
            ],
            [
              112.1237893,
              -7.3497155
            ],
            [
              112.1238081,
              -7.3493152
            ],
            [
              112.1237183,
              -7.3492314
            ],
            [
              112.1237209,
              -7.3490172
            ],
            [
              112.1235064,
              -7.3489374
            ],
            [
              112.1235386,
              -7.3488257
            ],
            [
              112.1229377,
              -7.3487778
            ],
            [
              112.1218058,
              -7.3486661
            ],
            [
              112.1212104,
              -7.3486288
            ],
            [
              112.1208483,
              -7.3486847
            ],
            [
              112.1207195,
              -7.3487379
            ],
            [
              112.1203735,
              -7.3486608
            ],
            [
              112.1199742,
              -7.3485713
            ],
            [
              112.1199578,
              -7.3486262
            ],
            [
              112.1197546,
              -7.3492374
            ],
            [
              112.1197336,
              -7.3492275
            ],
            [
              112.1195072,
              -7.349121
            ],
            [
              112.1193302,
              -7.3490624
            ],
            [
              112.1191156,
              -7.34898
            ],
            [
              112.1188803,
              -7.3488997
            ],
            [
              112.1187669,
              -7.348847
            ],
            [
              112.11863,
              -7.3487685
            ],
            [
              112.118445,
              -7.3486528
            ],
            [
              112.118205,
              -7.3484998
            ],
            [
              112.1180561,
              -7.3484014
            ],
            [
              112.117818,
              -7.3482665
            ],
            [
              112.1174472,
              -7.3480383
            ],
            [
              112.1175545,
              -7.3477057
            ],
            [
              112.117171,
              -7.3474743
            ],
            [
              112.1171361,
              -7.3469981
            ],
            [
              112.1169645,
              -7.3465965
            ],
            [
              112.1171468,
              -7.3463491
            ],
            [
              112.116479,
              -7.3460405
            ],
            [
              112.1166345,
              -7.3456973
            ],
            [
              112.1167284,
              -7.3450881
            ],
            [
              112.1163717,
              -7.345003
            ],
            [
              112.1164414,
              -7.3446465
            ],
            [
              112.1164387,
              -7.3442315
            ],
            [
              112.1164817,
              -7.343891
            ],
            [
              112.1165299,
              -7.3435638
            ],
            [
              112.1172836,
              -7.3436463
            ],
            [
              112.117798,
              -7.3435435
            ],
            [
              112.1177899,
              -7.3435159
            ],
            [
              112.1178576,
              -7.3431888
            ],
            [
              112.1179542,
              -7.3427924
            ],
            [
              112.1180695,
              -7.3423162
            ],
            [
              112.118217,
              -7.3415687
            ],
            [
              112.1183565,
              -7.3408318
            ],
            [
              112.1185401,
              -7.3398301
            ],
            [
              112.1187959,
              -7.3397091
            ],
            [
              112.1192169,
              -7.3395043
            ],
            [
              112.1194422,
              -7.3393847
            ],
            [
              112.1196568,
              -7.3392756
            ],
            [
              112.1197977,
              -7.3391916
            ],
            [
              112.1199934,
              -7.3390494
            ],
            [
              112.1202039,
              -7.3388845
            ],
            [
              112.1203612,
              -7.3387461
            ],
            [
              112.1207488,
              -7.3383763
            ],
            [
              112.1208798,
              -7.3382048
            ],
            [
              112.1209846,
              -7.3380411
            ],
            [
              112.121227,
              -7.3375928
            ],
            [
              112.121595,
              -7.3367549
            ],
            [
              112.1218374,
              -7.3362163
            ],
            [
              112.1220799,
              -7.3356588
            ],
            [
              112.1223939,
              -7.3349493
            ],
            [
              112.1224127,
              -7.3348988
            ]
          ]
        ]
      },
      "id": "relation/11687660"
    },
    {
      "type": "Feature",
      "properties": {
        "@id": "relation/18923525",
        "admin_level": "7",
        "boundary": "administrative",
        "name": "Sukorame",
        "type": "boundary",
        "wikidata": "Q12517108",
        "wikipedia": "id:Sukorame, Mojoroto, Kediri"
      },
      "geometry": {
        "type": "Polygon",
        "coordinates": [
          [
            [
              111.9886833,
              -7.8128253
            ],
            [
              111.9887536,
              -7.8126569
            ],
            [
              111.9889897,
              -7.8125575
            ],
            [
              111.9892423,
              -7.8126122
            ],
            [
              111.9895047,
              -7.8127419
            ],
            [
              111.9897289,
              -7.812761
            ],
            [
              111.9905755,
              -7.8131214
            ],
            [
              111.9904575,
              -7.8134137
            ],
            [
              111.9915098,
              -7.8138217
            ],
            [
              111.9914651,
              -7.8139606
            ],
            [
              111.9925831,
              -7.8141922
            ],
            [
              111.9926908,
              -7.8142184
            ],
            [
              111.9926705,
              -7.8143171
            ],
            [
              111.9936238,
              -7.8145853
            ],
            [
              111.993822,
              -7.8146449
            ],
            [
              111.9948804,
              -7.8119143
            ],
            [
              111.9953685,
              -7.8119037
            ],
            [
              111.9953793,
              -7.8112553
            ],
            [
              111.9954973,
              -7.8111862
            ],
            [
              111.995787,
              -7.8102296
            ],
            [
              111.9954165,
              -7.8100572
            ],
            [
              111.9955131,
              -7.8098314
            ],
            [
              111.9950106,
              -7.809668
            ],
            [
              111.9948681,
              -7.8096171
            ],
            [
              111.9946697,
              -7.8094922
            ],
            [
              111.9944291,
              -7.8093603
            ],
            [
              111.9939458,
              -7.8092192
            ],
            [
              111.9937666,
              -7.809175
            ],
            [
              111.9934512,
              -7.8090972
            ],
            [
              111.9923328,
              -7.8087064
            ],
            [
              111.9915617,
              -7.8084965
            ],
            [
              111.9898537,
              -7.8079996
            ],
            [
              111.9900984,
              -7.8069879
            ],
            [
              111.9888163,
              -7.8066371
            ],
            [
              111.9890845,
              -7.8056433
            ],
            [
              111.9892937,
              -7.8049311
            ],
            [
              111.9893849,
              -7.8045272
            ],
            [
              111.9895136,
              -7.8040861
            ],
            [
              111.9897336,
              -7.8033898
            ],
            [
              111.9898248,
              -7.8033526
            ],
            [
              111.9900662,
              -7.8026192
            ],
            [
              111.9903344,
              -7.8018751
            ],
            [
              111.9880921,
              -7.8011576
            ],
            [
              111.9872284,
              -7.8033633
            ],
            [
              111.9852382,
              -7.8027574
            ],
            [
              111.9850826,
              -7.8032038
            ],
            [
              111.9849271,
              -7.8033048
            ],
            [
              111.9846052,
              -7.8032145
            ],
            [
              111.9844764,
              -7.8033048
            ],
            [
              111.9843531,
              -7.8033101
            ],
            [
              111.9840258,
              -7.8031826
            ],
            [
              111.9837308,
              -7.8030656
            ],
            [
              111.9831139,
              -7.8029753
            ],
            [
              111.9830066,
              -7.8030391
            ],
            [
              111.9826043,
              -7.8029434
            ],
            [
              111.9825184,
              -7.8032463
            ],
            [
              111.9822556,
              -7.8032038
            ],
            [
              111.9821805,
              -7.8032676
            ],
            [
              111.9820356,
              -7.8036822
            ],
            [
              111.9820035,
              -7.8038735
            ],
            [
              111.9821215,
              -7.8029487
            ],
            [
              111.9823841,
              -7.8019374
            ],
            [
              111.9825115,
              -7.8014605
            ],
            [
              111.9825893,
              -7.8010327
            ],
            [
              111.9823628,
              -7.8010187
            ],
            [
              111.9824832,
              -7.8004016
            ],
            [
              111.982646,
              -7.7996863
            ],
            [
              111.9826743,
              -7.7992024
            ],
            [
              111.9818673,
              -7.7990341
            ],
            [
              111.9817965,
              -7.7989499
            ],
            [
              111.9818603,
              -7.7987535
            ],
            [
              111.9819169,
              -7.7985572
            ],
            [
              111.9820443,
              -7.7978208
            ],
            [
              111.9821131,
              -7.7974213
            ],
            [
              111.9820384,
              -7.7974264
            ],
            [
              111.9816227,
              -7.7972228
            ],
            [
              111.9814966,
              -7.7972182
            ],
            [
              111.9812398,
              -7.7971442
            ],
            [
              111.9809036,
              -7.797084
            ],
            [
              111.980628,
              -7.7971164
            ],
            [
              111.9799182,
              -7.7973061
            ],
            [
              111.9796181,
              -7.7967024
            ],
            [
              111.9790518,
              -7.7954611
            ],
            [
              111.9788572,
              -7.7951946
            ],
            [
              111.9787191,
              -7.7951139
            ],
            [
              111.9784325,
              -7.7950719
            ],
            [
              111.9784325,
              -7.7949667
            ],
            [
              111.9783971,
              -7.7948965
            ],
            [
              111.9781139,
              -7.7947317
            ],
            [
              111.9779484,
              -7.7946408
            ],
            [
              111.9759055,
              -7.7935185
            ],
            [
              111.9758453,
              -7.7934764
            ],
            [
              111.9756567,
              -7.7933604
            ],
            [
              111.974994,
              -7.7930059
            ],
            [
              111.9743517,
              -7.7926958
            ],
            [
              111.9741598,
              -7.7925907
            ],
            [
              111.9740675,
              -7.7943247
            ],
            [
              111.9740012,
              -7.7954441
            ],
            [
              111.9739151,
              -7.7954468
            ],
            [
              111.9737939,
              -7.7954821
            ],
            [
              111.9734982,
              -7.795361
            ],
            [
              111.9732299,
              -7.7953523
            ],
            [
              111.9727913,
              -7.7953521
            ],
            [
              111.9725876,
              -7.7953896
            ],
            [
              111.9724084,
              -7.7953471
            ],
            [
              111.9722919,
              -7.7953456
            ],
            [
              111.9720968,
              -7.795277
            ],
            [
              111.9719324,
              -7.7952904
            ],
            [
              111.9719177,
              -7.7954265
            ],
            [
              111.9718859,
              -7.7955119
            ],
            [
              111.9717636,
              -7.7955147
            ],
            [
              111.9715214,
              -7.7954879
            ],
            [
              111.9713811,
              -7.7954239
            ],
            [
              111.9712262,
              -7.7954152
            ],
            [
              111.9711165,
              -7.7954166
            ],
            [
              111.9710488,
              -7.7955234
            ],
            [
              111.9710002,
              -7.795706
            ],
            [
              111.9708943,
              -7.7957413
            ],
            [
              111.9706115,
              -7.7956151
            ],
            [
              111.9697723,
              -7.7957248
            ],
            [
              111.9693527,
              -7.7957677
            ],
            [
              111.9690628,
              -7.795751
            ],
            [
              111.9686355,
              -7.7956785
            ],
            [
              111.9682693,
              -7.7956618
            ],
            [
              111.9680557,
              -7.7956781
            ],
            [
              111.967514,
              -7.7957195
            ],
            [
              111.9672317,
              -7.7958025
            ],
            [
              111.9671859,
              -7.7958211
            ],
            [
              111.9668664,
              -7.7959056
            ],
            [
              111.9667154,
              -7.795975
            ],
            [
              111.9665069,
              -7.7961212
            ],
            [
              111.9663508,
              -7.7961951
            ],
            [
              111.9662441,
              -7.7963233
            ],
            [
              111.9661941,
              -7.7964949
            ],
            [
              111.9657592,
              -7.7969412
            ],
            [
              111.965332,
              -7.7975301
            ],
            [
              111.9650421,
              -7.7980446
            ],
            [
              111.9647751,
              -7.7986774
            ],
            [
              111.9644546,
              -7.7994918
            ],
            [
              111.9662593,
              -7.8008994
            ],
            [
              111.9673751,
              -7.8022281
            ],
            [
              111.9686411,
              -7.8032379
            ],
            [
              111.9709763,
              -7.8035156
            ],
            [
              111.972076,
              -7.8036591
            ],
            [
              111.9725642,
              -7.8038132
            ],
            [
              111.9725159,
              -7.8040896
            ],
            [
              111.9726554,
              -7.8047008
            ],
            [
              111.9728431,
              -7.8051844
            ],
            [
              111.9732884,
              -7.8056043
            ],
            [
              111.9739589,
              -7.8060561
            ],
            [
              111.9746563,
              -7.8063218
            ],
            [
              111.975241,
              -7.8066354
            ],
            [
              111.9755284,
              -7.8070705
            ],
            [
              111.9758862,
              -7.8073283
            ],
            [
              111.9763984,
              -7.8075378
            ],
            [
              111.9772753,
              -7.8080899
            ],
            [
              111.9778344,
              -7.8083704
            ],
            [
              111.9783087,
              -7.8085667
            ],
            [
              111.9786839,
              -7.8089665
            ],
            [
              111.9786768,
              -7.809282
            ],
            [
              111.9790468,
              -7.8094888
            ],
            [
              111.9789442,
              -7.8096922
            ],
            [
              111.9789973,
              -7.8097939
            ],
            [
              111.9789796,
              -7.8099341
            ],
            [
              111.9801405,
              -7.8101866
            ],
            [
              111.9801918,
              -7.8101997
            ],
            [
              111.9801989,
              -7.8103329
            ],
            [
              111.9809191,
              -7.8102838
            ],
            [
              111.9809457,
              -7.8099384
            ],
            [
              111.9811775,
              -7.8099717
            ],
            [
              111.9815692,
              -7.8083027
            ],
            [
              111.9811132,
              -7.8081531
            ],
            [
              111.9813121,
              -7.8074366
            ],
            [
              111.9813794,
              -7.8072999
            ],
            [
              111.9815209,
              -7.8071211
            ],
            [
              111.9815952,
              -7.8069703
            ],
            [
              111.9816696,
              -7.8067634
            ],
            [
              111.9838037,
              -7.807363
            ],
            [
              111.9835807,
              -7.8081064
            ],
            [
              111.9830074,
              -7.8101611
            ],
            [
              111.9833401,
              -7.8101295
            ],
            [
              111.9834852,
              -7.810112
            ],
            [
              111.9833825,
              -7.8106345
            ],
            [
              111.9832197,
              -7.8106415
            ],
            [
              111.983195,
              -7.8109605
            ],
            [
              111.9831773,
              -7.8112726
            ],
            [
              111.9832215,
              -7.8114318
            ],
            [
              111.9832483,
              -7.8115567
            ],
            [
              111.9832617,
              -7.8116683
            ],
            [
              111.9833368,
              -7.8117719
            ],
            [
              111.9834173,
              -7.8118383
            ],
            [
              111.9835809,
              -7.8118729
            ],
            [
              111.983833,
              -7.8118543
            ],
            [
              111.9841164,
              -7.8117735
            ],
            [
              111.9841278,
              -7.8115335
            ],
            [
              111.9849311,
              -7.8114873
            ],
            [
              111.9852813,
              -7.8114734
            ],
            [
              111.9855242,
              -7.8114826
            ],
            [
              111.9863461,
              -7.8117278
            ],
            [
              111.9864921,
              -7.811734
            ],
            [
              111.9867871,
              -7.8118111
            ],
            [
              111.9868407,
              -7.8118669
            ],
            [
              111.987017,
              -7.8119182
            ],
            [
              111.9870419,
              -7.8119254
            ],
            [
              111.9870178,
              -7.8119918
            ],
            [
              111.9871519,
              -7.8120317
            ],
            [
              111.9871063,
              -7.8123745
            ],
            [
              111.9873515,
              -7.8124305
            ],
            [
              111.9873408,
              -7.8125049
            ],
            [
              111.9886833,
              -7.8128253
            ]
          ]
        ]
      },
      "id": "relation/18923525"
    },
    {
      "type": "Feature",
      "properties": {
        "@id": "way/634107705",
        "highway": "path",
        "@relations": [
          {
            "role": "outer",
            "rel": 11687660,
            "reltags": {
              "admin_level": "7",
              "boundary": "administrative",
              "name": "Sukorame",
              "type": "boundary"
            }
          }
        ]
      },
      "geometry": {
        "type": "LineString",
        "coordinates": [
          [
            112.0969136,
            -7.3429194
          ],
          [
            112.0983124,
            -7.3420049
          ],
          [
            112.0990651,
            -7.341574
          ],
          [
            112.1001629,
            -7.3409139
          ]
        ]
      },
      "id": "way/634107705"
    },
    {
      "type": "Feature",
      "properties": {
        "@id": "way/644029099",
        "highway": "residential",
        "@relations": [
          {
            "role": "outer",
            "rel": 11687660,
            "reltags": {
              "admin_level": "7",
              "boundary": "administrative",
              "name": "Sukorame",
              "type": "boundary"
            }
          }
        ]
      },
      "geometry": {
        "type": "LineString",
        "coordinates": [
          [
            112.1185401,
            -7.3398301
          ],
          [
            112.1183565,
            -7.3408318
          ],
          [
            112.118217,
            -7.3415687
          ],
          [
            112.1180695,
            -7.3423162
          ],
          [
            112.1179542,
            -7.3427924
          ],
          [
            112.1178576,
            -7.3431888
          ],
          [
            112.1177899,
            -7.3435159
          ],
          [
            112.117798,
            -7.3435435
          ]
        ]
      },
      "id": "way/644029099"
    },
    {
      "type": "Feature",
      "properties": {
        "@id": "way/644029362",
        "highway": "tertiary",
        "@relations": [
          {
            "role": "outer",
            "rel": 11687660,
            "reltags": {
              "admin_level": "7",
              "boundary": "administrative",
              "name": "Sukorame",
              "type": "boundary"
            }
          }
        ]
      },
      "geometry": {
        "type": "LineString",
        "coordinates": [
          [
            112.1086845,
            -7.359828
          ],
          [
            112.1088937,
            -7.3598812
          ],
          [
            112.1091378,
            -7.3599371
          ],
          [
            112.1094355,
            -7.3600089
          ],
          [
            112.1097252,
            -7.3600808
          ],
          [
            112.1100255,
            -7.3601579
          ],
          [
            112.1107149,
            -7.3603601
          ],
          [
            112.1110716,
            -7.3604744
          ],
          [
            112.1115344,
            -7.3606195
          ],
          [
            112.1122076,
            -7.3608668
          ],
          [
            112.1128318,
            -7.3611156
          ],
          [
            112.1131986,
            -7.3612485
          ],
          [
            112.1134839,
            -7.3613462
          ],
          [
            112.1137416,
            -7.3614354
          ],
          [
            112.1139738,
            -7.3615239
          ],
          [
            112.114179,
            -7.3615983
          ]
        ]
      },
      "id": "way/644029362"
    },
    {
      "type": "Feature",
      "properties": {
        "@id": "way/676231854",
        "highway": "residential",
        "import": "yes",
        "source": "digitalglobe",
        "@relations": [
          {
            "role": "outer",
            "rel": 11687660,
            "reltags": {
              "admin_level": "7",
              "boundary": "administrative",
              "name": "Sukorame",
              "type": "boundary"
            }
          }
        ]
      },
      "geometry": {
        "type": "LineString",
        "coordinates": [
          [
            112.1221,
            -7.3327469
          ],
          [
            112.1226412,
            -7.3328175
          ],
          [
            112.1234687,
            -7.332962
          ]
        ]
      },
      "id": "way/676231854"
    },
    {
      "type": "Feature",
      "properties": {
        "@id": "way/677788635",
        "highway": "unclassified",
        "import": "yes",
        "source": "digitalglobe",
        "@relations": [
          {
            "role": "outer",
            "rel": 11687660,
            "reltags": {
              "admin_level": "7",
              "boundary": "administrative",
              "name": "Sukorame",
              "type": "boundary"
            }
          }
        ]
      },
      "geometry": {
        "type": "LineString",
        "coordinates": [
          [
            112.1290468,
            -7.3644165
          ],
          [
            112.1291283,
            -7.3639539
          ],
          [
            112.12918,
            -7.3636448
          ],
          [
            112.1292141,
            -7.3632782
          ],
          [
            112.1292518,
            -7.3629043
          ],
          [
            112.1292785,
            -7.3627568
          ],
          [
            112.1293187,
            -7.3625147
          ]
        ]
      },
      "id": "way/677788635"
    },
    {
      "type": "Feature",
      "properties": {
        "@id": "way/700758758",
        "bridge": "yes",
        "highway": "unclassified",
        "layer": "1",
        "@relations": [
          {
            "role": "outer",
            "rel": 11687660,
            "reltags": {
              "admin_level": "7",
              "boundary": "administrative",
              "name": "Sukorame",
              "type": "boundary"
            }
          }
        ]
      },
      "geometry": {
        "type": "LineString",
        "coordinates": [
          [
            112.1298029,
            -7.3597962
          ],
          [
            112.1297921,
            -7.3596871
          ]
        ]
      },
      "id": "way/700758758"
    },
    {
      "type": "Feature",
      "properties": {
        "@id": "way/700758759",
        "highway": "unclassified",
        "@relations": [
          {
            "role": "outer",
            "rel": 11687660,
            "reltags": {
              "admin_level": "7",
              "boundary": "administrative",
              "name": "Sukorame",
              "type": "boundary"
            }
          }
        ]
      },
      "geometry": {
        "type": "LineString",
        "coordinates": [
          [
            112.1293187,
            -7.3625147
          ],
          [
            112.1293616,
            -7.3622408
          ],
          [
            112.1294019,
            -7.3618949
          ],
          [
            112.1294367,
            -7.3616422
          ],
          [
            112.129477,
            -7.3613283
          ],
          [
            112.129544,
            -7.3609373
          ],
          [
            112.1295735,
            -7.3607724
          ],
          [
            112.1296137,
            -7.3605702
          ],
          [
            112.1296915,
            -7.3603627
          ],
          [
            112.1297398,
            -7.3602244
          ],
          [
            112.1297633,
            -7.3601419
          ],
          [
            112.1297774,
            -7.3600701
          ],
          [
            112.1297988,
            -7.3598866
          ],
          [
            112.1298029,
            -7.3597962
          ]
        ]
      },
      "id": "way/700758759"
    },
    {
      "type": "Feature",
      "properties": {
        "@id": "way/700760536",
        "bridge": "yes",
        "highway": "secondary",
        "layer": "1",
        "surface": "asphalt",
        "@relations": [
          {
            "role": "outer",
            "rel": 11687660,
            "reltags": {
              "admin_level": "7",
              "boundary": "administrative",
              "name": "Sukorame",
              "type": "boundary"
            }
          }
        ]
      },
      "geometry": {
        "type": "LineString",
        "coordinates": [
          [
            112.118205,
            -7.3484998
          ],
          [
            112.1180561,
            -7.3484014
          ]
        ]
      },
      "id": "way/700760536"
    },
    {
      "type": "Feature",
      "properties": {
        "@id": "way/788511400",
        "access": "private",
        "highway": "residential",
        "@relations": [
          {
            "role": "outer",
            "rel": 11687660,
            "reltags": {
              "admin_level": "7",
              "boundary": "administrative",
              "name": "Sukorame",
              "type": "boundary"
            }
          }
        ]
      },
      "geometry": {
        "type": "LineString",
        "coordinates": [
          [
            112.1199742,
            -7.3485713
          ],
          [
            112.1203735,
            -7.3486608
          ]
        ]
      },
      "id": "way/788511400"
    },
    {
      "type": "Feature",
      "properties": {
        "@id": "way/852909633",
        "waterway": "stream",
        "@relations": [
          {
            "role": "outer",
            "rel": 11687660,
            "reltags": {
              "admin_level": "7",
              "boundary": "administrative",
              "name": "Sukorame",
              "type": "boundary"
            }
          }
        ]
      },
      "geometry": {
        "type": "LineString",
        "coordinates": [
          [
            112.1160766,
            -7.3705242
          ],
          [
            112.1159667,
            -7.3703247
          ],
          [
            112.1158245,
            -7.3700959
          ],
          [
            112.1157655,
            -7.3698752
          ],
          [
            112.1157172,
            -7.3697102
          ],
          [
            112.1158782,
            -7.369548
          ],
          [
            112.115964,
            -7.3694841
          ],
          [
            112.1160284,
            -7.3692953
          ],
          [
            112.1158192,
            -7.3690745
          ],
          [
            112.1159238,
            -7.3689574
          ],
          [
            112.1161705,
            -7.3688564
          ],
          [
            112.1163958,
            -7.3686728
          ],
          [
            112.1164468,
            -7.3684547
          ],
          [
            112.1165031,
            -7.3682632
          ],
          [
            112.1166667,
            -7.368343
          ],
          [
            112.1167311,
            -7.3686356
          ],
          [
            112.1169323,
            -7.3687686
          ],
          [
            112.1171093,
            -7.3686462
          ],
          [
            112.1173185,
            -7.368468
          ],
          [
            112.1174312,
            -7.3685531
          ],
          [
            112.1176887,
            -7.3686063
          ],
          [
            112.1179515,
            -7.3691011
          ],
          [
            112.1182144,
            -7.3690319
          ],
          [
            112.1184128,
            -7.3688032
          ],
          [
            112.1185362,
            -7.3684095
          ],
          [
            112.118547,
            -7.3680743
          ],
          [
            112.1186918,
            -7.3680371
          ],
          [
            112.1189225,
            -7.367936
          ],
          [
            112.119078,
            -7.3676647
          ],
          [
            112.1190619,
            -7.3670688
          ],
          [
            112.1188903,
            -7.3670422
          ],
          [
            112.1189117,
            -7.3667283
          ],
          [
            112.1190619,
            -7.3665793
          ],
          [
            112.1191692,
            -7.366723
          ],
          [
            112.1194428,
            -7.3666698
          ],
          [
            112.1196788,
            -7.3663399
          ],
          [
            112.1200329,
            -7.3662548
          ],
          [
            112.1206605,
            -7.3664251
          ],
          [
            112.1209663,
            -7.3663399
          ],
          [
            112.1209341,
            -7.3661325
          ],
          [
            112.121138,
            -7.3659941
          ],
          [
            112.1215349,
            -7.3658771
          ],
          [
            112.12183,
            -7.3660367
          ]
        ]
      },
      "id": "way/852909633"
    },
    {
      "type": "Feature",
      "properties": {
        "@id": "way/852957725",
        "highway": "tertiary",
        "import": "yes",
        "source": "digitalglobe",
        "@relations": [
          {
            "role": "outer",
            "rel": 11687660,
            "reltags": {
              "admin_level": "7",
              "boundary": "administrative",
              "name": "Sukorame",
              "type": "boundary"
            }
          }
        ]
      },
      "geometry": {
        "type": "LineString",
        "coordinates": [
          [
            112.1270925,
            -7.3642731
          ],
          [
            112.1276209,
            -7.3642864
          ],
          [
            112.1280313,
            -7.3642943
          ],
          [
            112.1285167,
            -7.3643396
          ],
          [
            112.1290468,
            -7.3644165
          ]
        ]
      },
      "id": "way/852957725"
    },
    {
      "type": "Feature",
      "properties": {
        "@id": "way/852968144",
        "highway": "path",
        "@relations": [
          {
            "role": "outer",
            "rel": 11687660,
            "reltags": {
              "admin_level": "7",
              "boundary": "administrative",
              "name": "Sukorame",
              "type": "boundary"
            }
          }
        ]
      },
      "geometry": {
        "type": "LineString",
        "coordinates": [
          [
            112.0987482,
            -7.3461748
          ],
          [
            112.0984519,
            -7.3459607
          ],
          [
            112.0973897,
            -7.3451014
          ],
          [
            112.0968881,
            -7.3446997
          ],
          [
            112.0966145,
            -7.3445109
          ],
          [
            112.0962954,
            -7.3441411
          ],
          [
            112.0958857,
            -7.3435914
          ]
        ]
      },
      "id": "way/852968144"
    },
    {
      "type": "Feature",
      "properties": {
        "@id": "way/852968146",
        "waterway": "stream",
        "@relations": [
          {
            "role": "outer",
            "rel": 11687660,
            "reltags": {
              "admin_level": "7",
              "boundary": "administrative",
              "name": "Sukorame",
              "type": "boundary"
            }
          }
        ]
      },
      "geometry": {
        "type": "LineString",
        "coordinates": [
          [
            112.1088722,
            -7.3360407
          ],
          [
            112.1091539,
            -7.3360301
          ],
          [
            112.1093336,
            -7.3359795
          ],
          [
            112.1094435,
            -7.3358891
          ],
          [
            112.1095455,
            -7.3360301
          ],
          [
            112.1097171,
            -7.33607
          ],
          [
            112.1101463,
            -7.3360806
          ],
          [
            112.1108115,
            -7.3362482
          ],
          [
            112.1110368,
            -7.3363194
          ],
          [
            112.1111568,
            -7.3363466
          ]
        ]
      },
      "id": "way/852968146"
    },
    {
      "type": "Feature",
      "properties": {
        "@id": "way/852968147",
        "highway": "path",
        "@relations": [
          {
            "role": "outer",
            "rel": 11687660,
            "reltags": {
              "admin_level": "7",
              "boundary": "administrative",
              "name": "Sukorame",
              "type": "boundary"
            }
          }
        ]
      },
      "geometry": {
        "type": "LineString",
        "coordinates": [
          [
            112.0958729,
            -7.3391903
          ],
          [
            112.0959949,
            -7.3390335
          ],
          [
            112.0960647,
            -7.3388898
          ],
          [
            112.0962712,
            -7.3388153
          ],
          [
            112.0964375,
            -7.338826
          ],
          [
            112.0968345,
            -7.3387648
          ],
          [
            112.0971242,
            -7.3387009
          ],
          [
            112.0973656,
            -7.3386876
          ],
          [
            112.0977062,
            -7.3386451
          ],
          [
            112.0978537,
            -7.3387275
          ],
          [
            112.0980844,
            -7.3387834
          ],
          [
            112.0982748,
            -7.3387595
          ],
          [
            112.0982265,
            -7.3375836
          ],
          [
            112.0984733,
            -7.3374799
          ],
          [
            112.0984465,
            -7.3370569
          ],
          [
            112.0985618,
            -7.3370463
          ],
          [
            112.098586,
            -7.3368441
          ],
          [
            112.0986262,
            -7.3366259
          ],
          [
            112.0985296,
            -7.3360221
          ],
          [
            112.0984921,
            -7.3356789
          ],
          [
            112.0990875,
            -7.3350032
          ],
          [
            112.1001148,
            -7.3351628
          ],
          [
            112.1015123,
            -7.3353623
          ],
          [
            112.1022472,
            -7.3354501
          ],
          [
            112.1038082,
            -7.335341
          ],
          [
            112.1042374,
            -7.3353224
          ],
          [
            112.1057314,
            -7.335216
          ],
          [
            112.1065173,
            -7.3351894
          ],
          [
            112.1080166,
            -7.3356204
          ],
          [
            112.1087703,
            -7.3358598
          ],
          [
            112.1088722,
            -7.3360407
          ]
        ]
      },
      "id": "way/852968147"
    },
    {
      "type": "Feature",
      "properties": {
        "@id": "way/852968148",
        "highway": "secondary",
        "surface": "asphalt",
        "@relations": [
          {
            "role": "outer",
            "rel": 11687660,
            "reltags": {
              "admin_level": "7",
              "boundary": "administrative",
              "name": "Sukorame",
              "type": "boundary"
            }
          }
        ]
      },
      "geometry": {
        "type": "LineString",
        "coordinates": [
          [
            112.1001629,
            -7.3409139
          ],
          [
            112.0993813,
            -7.3403962
          ],
          [
            112.0989708,
            -7.3401228
          ],
          [
            112.0987156,
            -7.3399536
          ],
          [
            112.0985726,
            -7.3398582
          ],
          [
            112.0984063,
            -7.3397624
          ],
          [
            112.0982627,
            -7.3396945
          ],
          [
            112.0981412,
            -7.3396471
          ],
          [
            112.0978027,
            -7.3395562
          ],
          [
            112.0975537,
            -7.3394923
          ],
          [
            112.097269,
            -7.3394338
          ],
          [
            112.0970384,
            -7.3393899
          ],
          [
            112.0967647,
            -7.3393567
          ],
          [
            112.0965523,
            -7.3393201
          ],
          [
            112.0958729,
            -7.3391903
          ]
        ]
      },
      "id": "way/852968148"
    },
    {
      "type": "Feature",
      "properties": {
        "@id": "way/852968150",
        "highway": "path",
        "@relations": [
          {
            "role": "outer",
            "rel": 11687660,
            "reltags": {
              "admin_level": "7",
              "boundary": "administrative",
              "name": "Sukorame",
              "type": "boundary"
            }
          }
        ]
      },
      "geometry": {
        "type": "LineString",
        "coordinates": [
          [
            112.0958857,
            -7.3435914
          ],
          [
            112.0969136,
            -7.3429194
          ]
        ]
      },
      "id": "way/852968150"
    },
    {
      "type": "Feature",
      "properties": {
        "@id": "way/852968152",
        "highway": "path",
        "@relations": [
          {
            "role": "outer",
            "rel": 11687660,
            "reltags": {
              "admin_level": "7",
              "boundary": "administrative",
              "name": "Sukorame",
              "type": "boundary"
            }
          }
        ]
      },
      "geometry": {
        "type": "LineString",
        "coordinates": [
          [
            112.0987482,
            -7.3461748
          ],
          [
            112.0985377,
            -7.3462692
          ],
          [
            112.0984519,
            -7.346373
          ],
          [
            112.0981514,
            -7.3461868
          ],
          [
            112.0980334,
            -7.3463358
          ],
          [
            112.0978403,
            -7.3466656
          ],
          [
            112.0974702,
            -7.3467055
          ],
          [
            112.0967272,
            -7.3466683
          ],
          [
            112.0958984,
            -7.3466177
          ],
          [
            112.0956811,
            -7.3466177
          ],
          [
            112.0951393,
            -7.3465592
          ],
          [
            112.0948228,
            -7.3465911
          ],
          [
            112.0942998,
            -7.3467906
          ],
          [
            112.0938599,
            -7.3470035
          ],
          [
            112.0933449,
            -7.3472056
          ],
          [
            112.0930955,
            -7.3472721
          ],
          [
            112.0929989,
            -7.3472828
          ],
          [
            112.0927468,
            -7.3474105
          ],
          [
            112.0927736,
            -7.3476525
          ]
        ]
      },
      "id": "way/852968152"
    },
    {
      "type": "Feature",
      "properties": {
        "@id": "way/852968156",
        "highway": "path",
        "@relations": [
          {
            "role": "outer",
            "rel": 11687660,
            "reltags": {
              "admin_level": "7",
              "boundary": "administrative",
              "name": "Sukorame",
              "type": "boundary"
            }
          }
        ]
      },
      "geometry": {
        "type": "LineString",
        "coordinates": [
          [
            112.1029231,
            -7.3521323
          ],
          [
            112.1027005,
            -7.3520126
          ],
          [
            112.1027139,
            -7.3519115
          ],
          [
            112.1023022,
            -7.3518117
          ],
          [
            112.1018931,
            -7.3517732
          ],
          [
            112.1018046,
            -7.3516654
          ],
          [
            112.1016531,
            -7.3516229
          ],
          [
            112.1017563,
            -7.3513342
          ],
          [
            112.1013191,
            -7.351152
          ],
          [
            112.1010831,
            -7.3511094
          ],
          [
            112.1009825,
            -7.3511188
          ],
          [
            112.1006057,
            -7.3510496
          ],
          [
            112.1005869,
            -7.3509618
          ],
          [
            112.0999606,
            -7.3509286
          ],
          [
            112.0998278,
            -7.35089
          ],
          [
            112.0997983,
            -7.350761
          ],
          [
            112.0996521,
            -7.3507317
          ],
          [
            112.0994818,
            -7.3508155
          ],
          [
            112.0992458,
            -7.3507556
          ],
          [
            112.0992418,
            -7.3505029
          ],
          [
            112.0988756,
            -7.3504338
          ],
          [
            112.098771,
            -7.3505508
          ],
          [
            112.0985149,
            -7.3505428
          ],
          [
            112.0979221,
            -7.3503992
          ],
          [
            112.0977572,
            -7.3499922
          ],
          [
            112.0978296,
            -7.3498525
          ],
          [
            112.0977572,
            -7.3498006
          ],
          [
            112.0975855,
            -7.3498751
          ],
          [
            112.0973133,
            -7.3497833
          ],
          [
            112.0973709,
            -7.3496503
          ],
          [
            112.0971644,
            -7.3496038
          ],
          [
            112.0971054,
            -7.349528
          ],
          [
            112.0970517,
            -7.3494189
          ],
          [
            112.0967768,
            -7.349379
          ],
          [
            112.0963141,
            -7.3492154
          ],
          [
            112.09618,
            -7.3494641
          ],
          [
            112.0958608,
            -7.3494162
          ],
          [
            112.0953646,
            -7.3493045
          ],
          [
            112.0954344,
            -7.3488709
          ],
          [
            112.0945734,
            -7.3489215
          ],
          [
            112.0944983,
            -7.3484267
          ],
          [
            112.0943159,
            -7.3484054
          ],
          [
            112.0940584,
            -7.3484719
          ],
          [
            112.093817,
            -7.3485251
          ],
          [
            112.0936426,
            -7.3483282
          ],
          [
            112.093235,
            -7.3482644
          ],
          [
            112.0933409,
            -7.3477164
          ],
          [
            112.0927736,
            -7.3476525
          ]
        ]
      },
      "id": "way/852968156"
    },
    {
      "type": "Feature",
      "properties": {
        "@id": "way/852968157",
        "highway": "residential",
        "@relations": [
          {
            "role": "outer",
            "rel": 11687660,
            "reltags": {
              "admin_level": "7",
              "boundary": "administrative",
              "name": "Sukorame",
              "type": "boundary"
            }
          }
        ]
      },
      "geometry": {
        "type": "LineString",
        "coordinates": [
          [
            112.103076,
            -7.3518702
          ],
          [
            112.1029231,
            -7.3521323
          ]
        ]
      },
      "id": "way/852968157"
    },
    {
      "type": "Feature",
      "properties": {
        "@id": "way/852968160",
        "highway": "tertiary",
        "import": "yes",
        "source": "digitalglobe",
        "@relations": [
          {
            "role": "outer",
            "rel": 11687660,
            "reltags": {
              "admin_level": "7",
              "boundary": "administrative",
              "name": "Sukorame",
              "type": "boundary"
            }
          }
        ]
      },
      "geometry": {
        "type": "LineString",
        "coordinates": [
          [
            112.1086845,
            -7.359828
          ],
          [
            112.1087515,
            -7.3595301
          ],
          [
            112.1088079,
            -7.359296
          ],
          [
            112.1088695,
            -7.3590194
          ],
          [
            112.1089017,
            -7.3588252
          ],
          [
            112.1089286,
            -7.3586363
          ],
          [
            112.1090037,
            -7.3580644
          ],
          [
            112.1090975,
            -7.3575244
          ],
          [
            112.1091485,
            -7.357253
          ],
          [
            112.1091887,
            -7.3568753
          ],
          [
            112.109237,
            -7.3564071
          ],
          [
            112.1092826,
            -7.35604
          ],
          [
            112.1093121,
            -7.3558777
          ],
          [
            112.1093497,
            -7.3556371
          ],
          [
            112.1093792,
            -7.3554309
          ],
          [
            112.1094248,
            -7.355218
          ],
          [
            112.1094999,
            -7.3549121
          ],
          [
            112.1096045,
            -7.3545371
          ]
        ]
      },
      "id": "way/852968160"
    },
    {
      "type": "Feature",
      "properties": {
        "@id": "way/852968162",
        "waterway": "stream",
        "@relations": [
          {
            "role": "outer",
            "rel": 11687660,
            "reltags": {
              "admin_level": "7",
              "boundary": "administrative",
              "name": "Sukorame",
              "type": "boundary"
            }
          }
        ]
      },
      "geometry": {
        "type": "LineString",
        "coordinates": [
          [
            112.1139201,
            -7.3630175
          ],
          [
            112.1140355,
            -7.3628526
          ],
          [
            112.1141106,
            -7.3626637
          ],
          [
            112.1140931,
            -7.3623738
          ]
        ]
      },
      "id": "way/852968162"
    },
    {
      "type": "Feature",
      "properties": {
        "@id": "way/852968167",
        "highway": "residential",
        "@relations": [
          {
            "role": "outer",
            "rel": 11687660,
            "reltags": {
              "admin_level": "7",
              "boundary": "administrative",
              "name": "Sukorame",
              "type": "boundary"
            }
          }
        ]
      },
      "geometry": {
        "type": "LineString",
        "coordinates": [
          [
            112.1197546,
            -7.3492374
          ],
          [
            112.1199578,
            -7.3486262
          ]
        ]
      },
      "id": "way/852968167"
    },
    {
      "type": "Feature",
      "properties": {
        "@id": "way/852968168",
        "highway": "secondary",
        "surface": "asphalt",
        "@relations": [
          {
            "role": "outer",
            "rel": 11687660,
            "reltags": {
              "admin_level": "7",
              "boundary": "administrative",
              "name": "Sukorame",
              "type": "boundary"
            }
          }
        ]
      },
      "geometry": {
        "type": "LineString",
        "coordinates": [
          [
            112.1197546,
            -7.3492374
          ],
          [
            112.1197336,
            -7.3492275
          ],
          [
            112.1195072,
            -7.349121
          ],
          [
            112.1193302,
            -7.3490624
          ],
          [
            112.1191156,
            -7.34898
          ],
          [
            112.1188803,
            -7.3488997
          ],
          [
            112.1187669,
            -7.348847
          ],
          [
            112.11863,
            -7.3487685
          ],
          [
            112.118445,
            -7.3486528
          ],
          [
            112.118205,
            -7.3484998
          ]
        ]
      },
      "id": "way/852968168"
    },
    {
      "type": "Feature",
      "properties": {
        "@id": "way/852968171",
        "highway": "secondary",
        "surface": "asphalt",
        "@relations": [
          {
            "role": "outer",
            "rel": 11687660,
            "reltags": {
              "admin_level": "7",
              "boundary": "administrative",
              "name": "Sukorame",
              "type": "boundary"
            }
          }
        ]
      },
      "geometry": {
        "type": "LineString",
        "coordinates": [
          [
            112.1180561,
            -7.3484014
          ],
          [
            112.117818,
            -7.3482665
          ],
          [
            112.1174472,
            -7.3480383
          ]
        ]
      },
      "id": "way/852968171"
    },
    {
      "type": "Feature",
      "properties": {
        "@id": "way/852968172",
        "highway": "secondary",
        "@relations": [
          {
            "role": "outer",
            "rel": 11687660,
            "reltags": {
              "admin_level": "7",
              "boundary": "administrative",
              "name": "Sukorame",
              "type": "boundary"
            }
          }
        ]
      },
      "geometry": {
        "type": "LineString",
        "coordinates": [
          [
            112.1223939,
            -7.3349493
          ],
          [
            112.1220799,
            -7.3356588
          ],
          [
            112.1218374,
            -7.3362163
          ],
          [
            112.121595,
            -7.3367549
          ],
          [
            112.121227,
            -7.3375928
          ],
          [
            112.1209846,
            -7.3380411
          ],
          [
            112.1208798,
            -7.3382048
          ],
          [
            112.1207488,
            -7.3383763
          ],
          [
            112.1203612,
            -7.3387461
          ],
          [
            112.1202039,
            -7.3388845
          ],
          [
            112.1199934,
            -7.3390494
          ],
          [
            112.1197977,
            -7.3391916
          ],
          [
            112.1196568,
            -7.3392756
          ],
          [
            112.1194422,
            -7.3393847
          ],
          [
            112.1192169,
            -7.3395043
          ],
          [
            112.1187959,
            -7.3397091
          ],
          [
            112.1185401,
            -7.3398301
          ]
        ]
      },
      "id": "way/852968172"
    },
    {
      "type": "Feature",
      "properties": {
        "@id": "way/852968173",
        "highway": "track",
        "@relations": [
          {
            "role": "outer",
            "rel": 11687660,
            "reltags": {
              "admin_level": "7",
              "boundary": "administrative",
              "name": "Sukorame",
              "type": "boundary"
            }
          }
        ]
      },
      "geometry": {
        "type": "LineString",
        "coordinates": [
          [
            112.1148616,
            -7.3318667
          ],
          [
            112.1160203,
            -7.3319918
          ],
          [
            112.1168625,
            -7.3321195
          ],
          [
            112.1179676,
            -7.3322472
          ],
          [
            112.1202367,
            -7.3325079
          ],
          [
            112.1221,
            -7.3327469
          ]
        ]
      },
      "id": "way/852968173"
    },
    {
      "type": "Feature",
      "properties": {
        "@id": "way/852968178",
        "bridge": "yes",
        "highway": "secondary",
        "layer": "1",
        "@relations": [
          {
            "role": "outer",
            "rel": 11687660,
            "reltags": {
              "admin_level": "7",
              "boundary": "administrative",
              "name": "Sukorame",
              "type": "boundary"
            }
          }
        ]
      },
      "geometry": {
        "type": "LineString",
        "coordinates": [
          [
            112.1224127,
            -7.3348988
          ],
          [
            112.1223939,
            -7.3349493
          ]
        ]
      },
      "id": "way/852968178"
    },
    {
      "type": "Feature",
      "properties": {
        "@id": "way/852968179",
        "highway": "secondary",
        "@relations": [
          {
            "role": "outer",
            "rel": 11687660,
            "reltags": {
              "admin_level": "7",
              "boundary": "administrative",
              "name": "Sukorame",
              "type": "boundary"
            }
          }
        ]
      },
      "geometry": {
        "type": "LineString",
        "coordinates": [
          [
            112.1234687,
            -7.332962
          ],
          [
            112.1233857,
            -7.3331392
          ],
          [
            112.1230756,
            -7.3336557
          ],
          [
            112.1225834,
            -7.3345841
          ],
          [
            112.1224127,
            -7.3348988
          ]
        ]
      },
      "id": "way/852968179"
    },
    {
      "type": "Feature",
      "properties": {
        "@id": "way/852968191",
        "waterway": "stream",
        "@relations": [
          {
            "role": "outer",
            "rel": 11687660,
            "reltags": {
              "admin_level": "7",
              "boundary": "administrative",
              "name": "Sukorame",
              "type": "boundary"
            }
          }
        ]
      },
      "geometry": {
        "type": "LineString",
        "coordinates": [
          [
            112.1159881,
            -7.37087
          ],
          [
            112.1160297,
            -7.3707769
          ],
          [
            112.1160834,
            -7.3706798
          ],
          [
            112.1160766,
            -7.3705242
          ]
        ]
      },
      "id": "way/852968191"
    },
    {
      "type": "Feature",
      "properties": {
        "@id": "way/852968192",
        "waterway": "stream",
        "@relations": [
          {
            "role": "outer",
            "rel": 11687660,
            "reltags": {
              "admin_level": "7",
              "boundary": "administrative",
              "name": "Sukorame",
              "type": "boundary"
            }
          }
        ]
      },
      "geometry": {
        "type": "LineString",
        "coordinates": [
          [
            112.1134253,
            -7.3730273
          ],
          [
            112.1134628,
            -7.3728651
          ],
          [
            112.11355,
            -7.3727001
          ],
          [
            112.1138424,
            -7.3725086
          ],
          [
            112.1140113,
            -7.3723357
          ],
          [
            112.1141401,
            -7.3722293
          ],
          [
            112.1142554,
            -7.3721788
          ],
          [
            112.1145102,
            -7.3721096
          ],
          [
            112.1145719,
            -7.3722187
          ],
          [
            112.1146658,
            -7.3721575
          ],
          [
            112.1148106,
            -7.3719207
          ],
          [
            112.114765,
            -7.3718702
          ],
          [
            112.114759,
            -7.3717725
          ],
          [
            112.1148536,
            -7.3717611
          ],
          [
            112.114938,
            -7.3717738
          ],
          [
            112.1149991,
            -7.3717519
          ],
          [
            112.1149743,
            -7.3715377
          ],
          [
            112.1150574,
            -7.3714526
          ],
          [
            112.1152022,
            -7.3714978
          ],
          [
            112.1152988,
            -7.3713382
          ],
          [
            112.1154034,
            -7.371144
          ],
          [
            112.1155456,
            -7.3708966
          ],
          [
            112.1156797,
            -7.370761
          ],
          [
            112.115795,
            -7.370886
          ],
          [
            112.1159063,
            -7.3709445
          ],
          [
            112.1159881,
            -7.37087
          ]
        ]
      },
      "id": "way/852968192"
    },
    {
      "type": "Feature",
      "properties": {
        "@id": "way/887743703",
        "access": "private",
        "highway": "residential",
        "@relations": [
          {
            "role": "outer",
            "rel": 11687660,
            "reltags": {
              "admin_level": "7",
              "boundary": "administrative",
              "name": "Sukorame",
              "type": "boundary"
            }
          }
        ]
      },
      "geometry": {
        "type": "LineString",
        "coordinates": [
          [
            112.1199578,
            -7.3486262
          ],
          [
            112.1199742,
            -7.3485713
          ]
        ]
      },
      "id": "way/887743703"
    },
    {
      "type": "Feature",
      "properties": {
        "@id": "way/1373744209",
        "source": "Bing",
        "waterway": "river",
        "@relations": [
          {
            "role": "outer",
            "rel": 18923525,
            "reltags": {
              "admin_level": "7",
              "boundary": "administrative",
              "name": "Sukorame",
              "type": "boundary",
              "wikidata": "Q12517108",
              "wikipedia": "id:Sukorame, Mojoroto, Kediri"
            }
          }
        ]
      },
      "geometry": {
        "type": "LineString",
        "coordinates": [
          [
            111.9832215,
            -7.8114318
          ],
          [
            111.9832483,
            -7.8115567
          ],
          [
            111.9832617,
            -7.8116683
          ],
          [
            111.9833368,
            -7.8117719
          ],
          [
            111.9834173,
            -7.8118383
          ],
          [
            111.9835809,
            -7.8118729
          ],
          [
            111.983833,
            -7.8118543
          ],
          [
            111.9841164,
            -7.8117735
          ]
        ]
      },
      "id": "way/1373744209"
    },
    {
      "type": "Feature",
      "properties": {
        "@id": "way/1373744212",
        "source": "Bing",
        "waterway": "river",
        "@relations": [
          {
            "role": "outer",
            "rel": 18923525,
            "reltags": {
              "admin_level": "7",
              "boundary": "administrative",
              "name": "Sukorame",
              "type": "boundary",
              "wikidata": "Q12517108",
              "wikipedia": "id:Sukorame, Mojoroto, Kediri"
            }
          }
        ]
      },
      "geometry": {
        "type": "LineString",
        "coordinates": [
          [
            111.9886833,
            -7.8128253
          ],
          [
            111.9887536,
            -7.8126569
          ],
          [
            111.9889897,
            -7.8125575
          ],
          [
            111.9892423,
            -7.8126122
          ],
          [
            111.9895047,
            -7.8127419
          ],
          [
            111.9897289,
            -7.812761
          ]
        ]
      },
      "id": "way/1373744212"
    },
    {
      "type": "Feature",
      "properties": {
        "@id": "way/1373744214",
        "waterway": "stream",
        "@relations": [
          {
            "role": "outer",
            "rel": 18923525,
            "reltags": {
              "admin_level": "7",
              "boundary": "administrative",
              "name": "Sukorame",
              "type": "boundary",
              "wikidata": "Q12517108",
              "wikipedia": "id:Sukorame, Mojoroto, Kediri"
            }
          }
        ]
      },
      "geometry": {
        "type": "LineString",
        "coordinates": [
          [
            111.9799182,
            -7.7973061
          ],
          [
            111.980628,
            -7.7971164
          ],
          [
            111.9809036,
            -7.797084
          ],
          [
            111.9812398,
            -7.7971442
          ],
          [
            111.9814966,
            -7.7972182
          ],
          [
            111.9816227,
            -7.7972228
          ],
          [
            111.9820384,
            -7.7974264
          ],
          [
            111.9821131,
            -7.7974213
          ]
        ]
      },
      "id": "way/1373744214"
    },
    {
      "type": "Feature",
      "properties": {
        "@id": "way/1373744216",
        "waterway": "stream",
        "@relations": [
          {
            "role": "outer",
            "rel": 18923525,
            "reltags": {
              "admin_level": "7",
              "boundary": "administrative",
              "name": "Sukorame",
              "type": "boundary",
              "wikidata": "Q12517108",
              "wikipedia": "id:Sukorame, Mojoroto, Kediri"
            }
          }
        ]
      },
      "geometry": {
        "type": "LineString",
        "coordinates": [
          [
            111.9779484,
            -7.7946408
          ],
          [
            111.9781139,
            -7.7947317
          ],
          [
            111.9783971,
            -7.7948965
          ],
          [
            111.9784325,
            -7.7949667
          ],
          [
            111.9784325,
            -7.7950719
          ],
          [
            111.9787191,
            -7.7951139
          ],
          [
            111.9788572,
            -7.7951946
          ],
          [
            111.9790518,
            -7.7954611
          ],
          [
            111.9796181,
            -7.7967024
          ],
          [
            111.9799182,
            -7.7973061
          ]
        ]
      },
      "id": "way/1373744216"
    },
    {
      "type": "Feature",
      "properties": {
        "@id": "way/1373744217",
        "waterway": "stream",
        "@relations": [
          {
            "role": "outer",
            "rel": 18923525,
            "reltags": {
              "admin_level": "7",
              "boundary": "administrative",
              "name": "Sukorame",
              "type": "boundary",
              "wikidata": "Q12517108",
              "wikipedia": "id:Sukorame, Mojoroto, Kediri"
            }
          }
        ]
      },
      "geometry": {
        "type": "LineString",
        "coordinates": [
          [
            111.9741598,
            -7.7925907
          ],
          [
            111.9743517,
            -7.7926958
          ],
          [
            111.974994,
            -7.7930059
          ],
          [
            111.9756567,
            -7.7933604
          ],
          [
            111.9758453,
            -7.7934764
          ],
          [
            111.9759055,
            -7.7935185
          ],
          [
            111.9779484,
            -7.7946408
          ]
        ]
      },
      "id": "way/1373744217"
    },
    {
      "type": "Feature",
      "properties": {
        "@id": "node/1308723377",
        "name": "Sukorame",
        "place": "village",
        "@relations": [
          {
            "role": "label",
            "rel": 18923525,
            "reltags": {
              "admin_level": "7",
              "boundary": "administrative",
              "name": "Sukorame",
              "type": "boundary",
              "wikidata": "Q12517108",
              "wikipedia": "id:Sukorame, Mojoroto, Kediri"
            }
          }
        ]
      },
      "geometry": {
        "type": "Point",
        "coordinates": [
          111.990473,
          -7.810756
        ]
      },
      "id": "node/1308723377"
    },
    {
      "type": "Feature",
      "properties": {
        "@id": "node/8253761102",
        "barrier": "lift_gate"
      },
      "geometry": {
        "type": "Point",
        "coordinates": [
          112.1199578,
          -7.3486262
        ]
      },
      "id": "node/8253761102"
    }
  ]
}